,A,B,C
0,ЗЗСО №2,вул. Кирилівська,117
1,ЗЗСО №2,вул. Кирилівська,119/1
2,ЗЗСО №2,вул. Кирилівська,121/2
3,ЗЗСО №2,вул. Кирилівська,123
4,ЗЗСО №2,вул. Кирилівська,127
5,ЗЗСО №2,вул. Кирилівська,127а
6,ЗЗСО №2,вул. Кирилівська,129
7,ЗЗСО №2,вул. Кирилівська,129а
8,ЗЗСО №2,вул. Кирилівська,131
9,ЗЗСО №2,вул. Сирецька,30/1
10,ЗЗСО №2,вул. Сирецька,32
11,ЗЗСО №2,вул. Сирецька,3234
12,ЗЗСО №2,вул. Сирецька,32/2
13,ЗЗСО №2,вул. Сирецька,36
14,ЗЗСО №2,вул. Сирецька,38
15,ЗЗСО №2,вул. Сирецька,38а
16,ЗЗСО №2,вул. Сирецька,38в
17,ЗЗСО №2,вул. Сирецька,38г
18,ЗЗСО №2,вул. Сирецька,40
19,ЗЗСО №2,вул. Сирецька,42/44
20,ЗЗСО №2,вул. Сирецька,44
21,ЗЗСО №2,вул. Сирецька,44а
22,ЗЗСО №2,вул. Сирецька,46
23,ЗЗСО №2,вул. Сирецька,46а
24,ЗЗСО №2,вул. Сирецька,48
25,ЗЗСО №2,вул. Сирецька,48а
26,ЗЗСО №2,вул. Сирецька,50
27,ЗЗСО №2,вул. Сирецька,52
28,ЗЗСО №2,вул. Сирецька,54
29,ЗЗСО №2,вул. Сирецька,56
30,ЗЗСО №2,вул. Сирецька,58
31,ЗЗСО №2,вул. Сирецька,58а
32,ЗЗСО №2,вул. Сирецька,60
33,ЗЗСО №2,вул. Сирецька,62
34,ЗЗСО №2,вул. Сирецька,64
35,ЗЗСО №2,вул. Сирецька,66
36,ЗЗСО №2,вул. Сирецька,68
37,ЗЗСО №2,вул. Сирецька,68а
38,ЗЗСО №2,вул. Сирецька,70
39,ЗЗСО №2,вул. Сирецька,72
40,ЗЗСО №2,вул. Сирецька,74
41,ЗЗСО №2,вул. Сирецька,76
42,ЗЗСО №2,вул. Сирецька,76а
43,ЗЗСО №2,вул. Сирецька,78а
44,ЗЗСО №2,вул. Сирецька,78в
45,ЗЗСО №2,вул. Сирецька,78г
46,ЗЗСО №2,вул. Сирецька,78Е
47,ЗЗСО №2,вул. Сирецька,80
48,ЗЗСО №2,вул. Сирецька,84
49,ЗЗСО №2,вул. Сирецька,86
50,ЗЗСО №2,вул. Сирецька,88
51,ЗЗСО №2,вул. Сирецька,92
52,ЗЗСО №2,вул. Сирецька,94/2
53,ЗЗСО №2,вул. Сирецька,96б
54,ЗЗСО №2,вул. Сирецька,96к3
55,ЗЗСО №2,вул. Сирецька,96д1
56,ЗЗСО №2,вул. Сирецька,96д2
57,ЗЗСО №2,вул. Сирецька,96д4
58,ЗЗСО №2,вул. Копилівська,65
59,ЗЗСО №2,вул. Копилівська,67
60,ЗЗСО №2,вул. Копилівська,67б
61,ЗЗСО №2,вул. Копилівська,"67,к.11"
62,ЗЗСО №2,вул. Копилівська,"67,к.12"
63,ЗЗСО №2,вул. Копилівська,"67,к.13"
64,ЗЗСО №2,вул. Копилівська,69
65,ЗЗСО №2,вул. Копилівська,69а
66,ЗЗСО №2,вул. Бондарська,1/4
67,ЗЗСО №2,вул. Бондарська,3
69,ЗЗСО №2,вул. Бондарська,5а
70,ЗЗСО №2,вул. Бондарська,5/2
71,ЗЗСО №2,вул. Бондарська,9
72,ЗЗСО №2,вул. Бондарська,11
73,ЗЗСО №2,вул. Бондарська,19
74,ЗЗСО №2,вул. Бондарська,21
75,ЗЗСО №2,вул. Валківська,3/1
76,ЗЗСО №2,вул. Валківська,5
81,ЗЗСО №3,проспект В. Порика,3
82,ЗЗСО №3,проспект В. Порика,3а
83,ЗЗСО №3,проспект В. Порика,5
84,ЗЗСО №3,проспект В. Порика,7а
85,ЗЗСО №3,проспект В. Порика,7б
86,ЗЗСО №3,проспект В. Порика,9
87,ЗЗСО №3,проспект В. Порика,9а
88,ЗЗСО №3,проспект В. Порика,9в
89,ЗЗСО №3,проспект В. Порика,9г
90,ЗЗСО №3,проспект В. Порика,11
91,ЗЗСО №3,проспект В. Порика,11а
92,ЗЗСО №3,проспект В. Порика,11б
93,ЗЗСО №3,проспект В. Порика,11в
94,ЗЗСО №3,проспект В. Порика,15
95,ЗЗСО №3,проспект В. Порика,15а
96,ЗЗСО №3,проспект В. Порика,17
97,ЗЗСО №3,проспект Г. Гонгадзе,10
98,ЗЗСО №3,проспект Г. Гонгадзе,12
99,ЗЗСО №3,проспект Г. Гонгадзе,14
100,ЗЗСО №3,проспект Г. Гонгадзе,18
101,ЗЗСО №3,проспект Г. Гонгадзе,18а
102,ЗЗСО №3,проспект Г. Гонгадзе,18б
103,ЗЗСО №3,проспект Г. Гонгадзе,18г
104,ЗЗСО №3,проспект Г. Гонгадзе,18д
105,ЗЗСО №3,проспект Г. Гонгадзе,18Е
106,ЗЗСО №3,проспект Г. Гонгадзе,18Ж
107,ЗЗСО №3,проспект Г. Гонгадзе,18З
108,ЗЗСО №3,проспект Правди,80
109,ЗЗСО №3,проспект Правди,80а
110,ЗЗСО №3,проспект Правди,80б
111,ЗЗСО №3,проспект Правди,80в
112,ЗЗСО №3,проспект Правди,88
113,ЗЗСО №3,проспект Правди,88а
114,ЗЗСО №3,проспект Правди,88б
115,ЗЗСО №3,проспект Правди,90
116,ЗЗСО №6,проспект Г. Гонгадзе,20
117,ЗЗСО №6,проспект Г. Гонгадзе,20а
118,ЗЗСО №6,проспект Г. Гонгадзе,20б
119,ЗЗСО №6,проспект Г. Гонгадзе,20в
120,ЗЗСО №6,проспект Г. Гонгадзе,20г
121,ЗЗСО №6,проспект Г. Гонгадзе,20д
122,ЗЗСО №6,проспект Г. Гонгадзе,20Ж
123,ЗЗСО №6,проспект Г. Гонгадзе,20З
124,ЗЗСО №6,проспект Г. Гонгадзе,20К
125,ЗЗСО №6,проспект Г. Гонгадзе,22
126,ЗЗСО №6,проспект Г. Гонгадзе,24
127,ЗЗСО №6,проспект Г. Гонгадзе,24б
128,ЗЗСО №6,проспект Г. Гонгадзе,26
129,ЗЗСО №6,проспект Г. Гонгадзе,26а
130,ЗЗСО №6,проспект Г. Гонгадзе,28
131,ЗЗСО №6,проспект Г. Гонгадзе,30
132,ЗЗСО №6,проспект Г. Гонгадзе,32
133,ЗЗСО №6,проспект Г. Гонгадзе,32а
134,ЗЗСО №6,проспект Г. Гонгадзе,32в
135,ЗЗСО №6,проспект Г. Гонгадзе,32Ж
136,ЗЗСО №6,проспект Г. Гонгадзе,32з
137,ЗЗСО №6,проспект Г. Гонгадзе,32б
138,ЗЗСО №6,проспект Г. Гонгадзе,32г
139,ЗЗСО №6,проспект Правди,92
140,ЗЗСО №6,проспект Правди,94
141,ЗЗСО №6,проспект Правди,96
142,ЗЗСО №6,проспект Правди,96а
143,ЗЗСО №6,проспект Правди,98
144,ЗЗСО №6,проспект Правди,100
145,ЗЗСО №10,провулок Електриків,3
146,ЗЗСО №10,провулок Електриків,5
147,ЗЗСО №10,провулок Електриків,7
148,ЗЗСО №10,провулок Електриків,9
149,ЗЗСО №10,вул. Електриків,26/30
150,ЗЗСО №10,вул. Електриків,26/30а
151,ЗЗСО №10,вул. Електриків,26/30ак.2
152,ЗЗСО №10,вул. Електриків,28а
153,ЗЗСО №10,вул. Електриків,28б
154,ЗЗСО №10,вул. Електриків,28в
155,ЗЗСО №10,вул. Електриків,28/1
156,ЗЗСО №10,вул. Електриків,28/3
157,ЗЗСО №10,вул. Електриків,28/5
158,ЗЗСО №10,вул. Електриків,28/6
159,ЗЗСО №10,вул. Електриків,28/10
160,ЗЗСО №10,вул. Електриків,28/11
161,ЗЗСО №10,вул. Електриків,28/12
162,ЗЗСО №10,вул. Електриків,28/1З
163,ЗЗСО №10,вул. Електриків,28/І4
164,ЗЗСО №10,вул. Електриків,28/14а
165,ЗЗСО №10,вул. Електриків,29/7
166,ЗЗСО №10,вул. Електриків,30
167,ЗЗСО №10,вул. Електриків,30/5
168,ЗЗСО №10,вул. Електриків,31
169,ЗЗСО №10,вул. Введенська,1
170,ЗЗСО №10,вул. Введенська,3
171,ЗЗСО №10,вул. Введенська,4а
172,ЗЗСО №10,вул. Введенська,5
173,ЗЗСО №10,вул. Введенська,6
174,ЗЗСО №10,вул. Введенська,6а
175,ЗЗСО №10,вул. Введенська,17/9
176,ЗЗСО №10,вул. Введенська,10
177,ЗЗСО №10,вул. Введенська,15а
178,ЗЗСО №10,вул. Оленівська,10
179,ЗЗСО №10,вул. Оленівська,8
180,ЗЗСО №10,вул. Оленівська,16
181,ЗЗСО №10,вул. Костянтинівська,4
182,ЗЗСО №10,вул. Костянтинівська,7
183,ЗЗСО №10,вул. Костянтинівська,16а
184,ЗЗСО №10,вул. Костянтинівська,18а
185,ЗЗСО №10,вул. Костянтинівська,19а
186,ЗЗСО №10,вул. Костянтинівська,31
187,ЗЗСО №10,вул. Костянтинівська,31а
188,ЗЗСО №10,вул. Костянтинівська,32а
189,ЗЗСО №10,вул. Костянтинівська,34
190,ЗЗСО №10,вул. Костянтинівська,36
191,ЗЗСО №10,вул. Костянтинівська,37а
192,ЗЗСО №10,вул. Костянтинівська,43
193,ЗЗСО №10,вул. Костянтинівська,44
194,ЗЗСО №10,вул. Костянтинівська,45
195,ЗЗСО №10,вул. Костянтинівська,51
196,ЗЗСО №10,вул. Костянтинівська,53а
197,ЗЗСО №10,вул. Костянтинівська,54
198,ЗЗСО №10,вул. Костянтинівська,55а
199,ЗЗСО №10,вул. Костянтинівська,56
200,ЗЗСО №10,вул. Костянтинівська,57
201,ЗЗСО №10,вул. Костянтинівська,59/5
202,ЗЗСО №10,вул. Костянтинівська,61
203,ЗЗСО №10,вул. Костянтинівська,63/12
204,ЗЗСО №10,вул. Притисько-Микільська,2а
205,ЗЗСО №10,вул. Притисько-Микільська,9а
206,ЗЗСО №10,вул. Юрківська,26/32
207,ЗЗСО №10,вул. Юрківська,18
208,ЗЗСО №10,вул. Юрківська,25
209,ЗЗСО №10,вул. Юрківська,28
210,ЗЗСО №10,вул. Межигірська,26/24
211,ЗЗСО №10,вул. Межигірська,30б
212,ЗЗСО №10,вул. Межигірська,32а
213,ЗЗСО №10,вул. Межигірська,32б
214,ЗЗСО №10,вул. Межигірська,37
215,ЗЗСО №10,вул. Нижньоюрківська,5
216,ЗЗСО №10,вул. Щекавицька,19/33
217,ЗЗСО №10,вул. Щекавицька,34
218,ЗЗСО №10,вул. Щекавицька,37
219,ЗЗСО №10,вул. Щекавицька,36
220,ЗЗСО №10,вул. Щекавицька,45
221,ЗЗСО №17,вул. Житньоторзька,8
222,ЗЗСО №17,провулок Ярославський,4
223,ЗЗСО №17,провулок Ярославський,7/19
224,ЗЗСО №17,провулок Ярославський,7/9
225,ЗЗСО №17,вул. Н.Юрківська,3
226,ЗЗСО №17,вул. Н.Юрківська,4
227,ЗЗСО №17,вул. Н.Юрківська,8а
228,ЗЗСО №17,вул. Н.Юрківська,13
229,ЗЗСО №17,вул. Н.Юрківська,37
230,ЗЗСО №17,вул. Н.Юрківська,39а
231,ЗЗСО №17,вул. Н.Юрківська,47
232,ЗЗСО №17,вул. Н.Юрківська,49
233,ЗЗСО №17,вул. Юрківська,8/12
234,ЗЗСО №17,вул. Юрківська,12/59
235,ЗЗСО №17,вул. Щекавицька,7/10
236,ЗЗСО №17,вул. Щекавицька,21
237,ЗЗСО №17,вул. Воздвиженська,1б
238,ЗЗСО №17,вул. Воздвиженська,3
239,ЗЗСО №17,вул. Воздвиженська,9/19
240,ЗЗСО №17,вул. Воздвиженська,10б
241,ЗЗСО №17,вул. Воздвиженська,25
242,ЗЗСО №17,вул. Воздвиженська,27
243,ЗЗСО №17,вул. Воздвиженська,29
244,ЗЗСО №17,вул. Воздвиженська,29а
245,ЗЗСО №17,вул. Воздвиженська,29б
246,ЗЗСО №17,вул. Воздвиженська,37г
247,ЗЗСО №17,вул. Костянтинівська,20
248,ЗЗСО №17,вул. Костянтинівська,21/12а
249,ЗЗСО №17,вул. Костянтинівська,22/17а
250,ЗЗСО №17,вул. Костянтинівська,24а
251,ЗЗСО №17,вул. Костянтинівська,25
252,ЗЗСО №17,вул. Костянтинівська,27
253,ЗЗСО №17,вул. Костянтинівська,27а
254,ЗЗСО №17,вул. Костянтинівська,27б
255,ЗЗСО №17,вул. Костянтинівська,46/52
256,ЗЗСО №17,вул. Нижній Вал,17а
257,ЗЗСО №17,вул. Нижній Вал,19/21д
258,ЗЗСО №17,вул. Нижній Вал,19/21Е
259,ЗЗСО №17,вул. Нижній Вал,23а
260,ЗЗСО №17,вул. Нижній Вал,23б
261,ЗЗСО №17,вул. Нижній Вал,23в
262,ЗЗСО №17,вул. Оболонська,3
263,ЗЗСО №17,вул. Оболонська,4а
264,ЗЗСО №17,вул. Оболонська,6
265,ЗЗСО №17,вул. Оболонська,7а
266,ЗЗСО №17,вул. Оболонська,9а
267,ЗЗСО №17,вул. Оболонська,12
268,ЗЗСО №17,вул. Оболонська,13
269,ЗЗСО №17,вул. Кирилівська,2/9а
270,ЗЗСО №17,вул. Кирилівська,14-18
271,ЗЗСО №17,вул. Кирилівська,15
272,ЗЗСО №17,вул. Кирилівська,15г
273,ЗЗСО №17,вул. Кирилівська,20
274,ЗЗСО №17,вул. Кирилівська,20а
275,ЗЗСО №17,вул. Кирилівська,24а
276,ЗЗСО №17,вул. Кирилівська,24б
277,ЗЗСО №17,вул. Кирилівська,30/5
278,ЗЗСО №17,вул. Кирилівська,31
279,ЗЗСО №17,вул. Кирилівська,31б
280,ЗЗСО №17,вул. Кирилівська,31в
281,ЗЗСО №17,вул.Хорива,2а
282,ЗЗСО №17,вул.Хорива,4а
283,ЗЗСО №17,вул.Хорива,6
284,ЗЗСО №17,вул.Хорива,7а
285,ЗЗСО №17,вул. Межигірська,24а
286,ЗЗСО №17,вул. Межигірська,28/27
287,ЗЗСО №17,вул. Межигірська,28
288,ЗЗСО №17,вул. Межигірська,25
289,ЗЗСО №17,вул. Ярославська,10
290,ЗЗСО №17,вул. Ярославська,11а
291,ЗЗСО №17,вул. Ярославська,15/23
292,ЗЗСО №17,вул. Ярославська,20а
293,ЗЗСО №17,вул. Ярославська,20б
294,ЗЗСО №17,вул. Ярославська,21
295,ЗЗСО №17,вул. Ярославська,26
296,ЗЗСО №17,вул. Ярославська,28а
297,ЗЗСО №17,вул. Ярославська,29
298,ЗЗСО №17,вул. Ярославська,30б
299,ЗЗСО №17,вул. Ярославська,31
300,ЗЗСО №17,вул. Ярославська,32/33
301,ЗЗСО №17,вул. Ярославська,32а
302,ЗЗСО №17,вул. Ярославська,35/35а
303,ЗЗСО №17,вул. Ярославська,35/35б
304,ЗЗСО №17,вул. Ярославська,39а
305,ЗЗСО №17,вул. Ярославська,39в
306,ЗЗСО №17,провулок Цимлянський,18
307,ЗЗСО №17,вул. Дегтярна,5
308,ЗЗСО №17,вул. Дегтярна,27
309,ЗЗСО №17,вул. Дегтярна,30
310,ЗЗСО №17,вул. Кожум'яцька,10а
311,ЗЗСО №17,вул. Кожум'яцька,12
312,ЗЗСО №17,вул. Кожум'яцька,12а
313,ЗЗСО №17,вул. Кожум'яцька,12в
314,ЗЗСО №17,вул. Кожум'яцька,12д
315,ЗЗСО №17,вул. Кожум'яцька,12г
316,ЗЗСО №17,вул. Кожум'яцька,12ж
317,ЗЗСО №17,вул. Кожум'яцька,14а
318,ЗЗСО №17,вул. Кожум'яцька,14
319,ЗЗСО №17,вул. Кожум'яцька,14б
320,ЗЗСО №17,вул. Кожум'яцька,14в
321,ЗЗСО №17,вул. Кожум'яцька,14д
322,ЗЗСО №17,вул. Кожум'яцька,16
323,ЗЗСО №17,вул. Кожум'яцька,16а
324,ЗЗСО №17,вул. Кожум'яцька,16б
325,ЗЗСО №17,вул. Кожум'яцька,16в
326,ЗЗСО №17,вул. Кожум'яцька,18
327,ЗЗСО №17,вул. Кожум'яцька,18а
328,ЗЗСО №17,вул. Кожум'яцька,20
329,ЗЗСО №17,вул. Кожум'яцька,20а
330,ЗЗСО №17,вул. Кожум'яцька,20б
331,ЗЗСО №17,вул. Кожум'яцька,20в
332,ЗЗСО №17,вул. Кожум'яцька,20г
333,ЗЗСО №17,вул. Кожум'яцька,22
334,ЗЗСО №17,вул. Кожум'яцька,22а
335,ЗЗСО №17,вул. Кожум'яцька,22
336,ЗЗСО №17,вул. Кожум'яцька,14г
337,"Гімназія №19 ""Межигірська""",вул. Верхній Вал,32
338,"Гімназія №19 ""Межигірська""",вул. Верхній Вал,40а
339,"Гімназія №19 ""Межигірська""",вул. Верхній Вал,40б
340,"Гімназія №19 ""Межигірська""",вул. Верхній Вал,40в
341,"Гімназія №19 ""Межигірська""",вул. Верхній Вал,44
342,"Гімназія №19 ""Межигірська""",вул. Верхній Вал,48/28а
343,"Гімназія №19 ""Межигірська""",вул. Верхній Вал,48/28б
344,"Гімназія №19 ""Межигірська""",вул. Верхній Вал,50а
345,"Гімназія №19 ""Межигірська""",вул. Верхній Вал,50б
346,"Гімназія №19 ""Межигірська""",вул. Верхній Вал,52в
347,"Гімназія №19 ""Межигірська""",вул. Верхній Вал,54/23
348,"Гімназія №19 ""Межигірська""",вул. Воздвиженська,31а секція 1
349,"Гімназія №19 ""Межигірська""",вул. Воздвиженська,31а
350,"Гімназія №19 ""Межигірська""",вул. Воздвиженська,33
351,"Гімназія №19 ""Межигірська""",вул. Волоська,2/19в
352,"Гімназія №19 ""Межигірська""",вул. Волоська,4
353,"Гімназія №19 ""Межигірська""",вул. Волоська,36/38
354,"Гімназія №19 ""Межигірська""",вул. Волоська,37а
355,"Гімназія №19 ""Межигірська""",вул. Волоська,37б
356,"Гімназія №19 ""Межигірська""",вул. Волоська,42
357,"Гімназія №19 ""Межигірська""",вул. Волоська,43/35
358,"Гімназія №19 ""Межигірська""",вул. Волоська,44
359,"Гімназія №19 ""Межигірська""",вул. Волоська,46/32
360,"Гімназія №19 ""Межигірська""",вул. Гончарна,3
361,"Гімназія №19 ""Межигірська""",вул. Гончарна,7а
362,"Гімназія №19 ""Межигірська""",вул. Гончарна,7б
363,"Гімназія №19 ""Межигірська""",вул. Гончарна,8
364,"Гімназія №19 ""Межигірська""",вул. Гончарна,9а
365,"Гімназія №19 ""Межигірська""",вул. Гончарна,10
366,"Гімназія №19 ""Межигірська""",вул. Гончарна,11а
367,"Гімназія №19 ""Межигірська""",вул. Гончарна,11б
368,"Гімназія №19 ""Межигірська""",вул. Гончарна,11в
369,"Гімназія №19 ""Межигірська""",вул. Гончарна,12
370,"Гімназія №19 ""Межигірська""",вул. Гончарна,12а
371,"Гімназія №19 ""Межигірська""",вул. Гончарна,12в
372,"Гімназія №19 ""Межигірська""",вул. Гончарна,13а
373,"Гімназія №19 ""Межигірська""",вул. Гончарна,13б
374,"Гімназія №19 ""Межигірська""",вул. Гончарна,14
375,"Гімназія №19 ""Межигірська""",вул. Гончарна,15а
376,"Гімназія №19 ""Межигірська""",вул. Гончарна,15б
377,"Гімназія №19 ""Межигірська""",вул. Гончарна,16
378,"Гімназія №19 ""Межигірська""",вул. Гончарна,17а
379,"Гімназія №19 ""Межигірська""",вул. Гончарна,17б
380,"Гімназія №19 ""Межигірська""",вул. Гончарна,18
381,"Гімназія №19 ""Межигірська""",вул. Гончарна,18а
382,"Гімназія №19 ""Межигірська""",вул. Гончарна,18б
383,"Гімназія №19 ""Межигірська""",вул. Гончарна,20
384,"Гімназія №19 ""Межигірська""",вул. Гончарна,22
385,"Гімназія №19 ""Межигірська""",вул. Дегтярна,725
386,"Гімназія №19 ""Межигірська""",вул. Дегтярна,29
387,"Гімназія №19 ""Межигірська""",вул. Дегтярна,31
388,"Гімназія №19 ""Межигірська""",вул. Дегтярна,628
389,"Гімназія №19 ""Межигірська""",вул. Дегтярна,32
390,"Гімназія №19 ""Межигірська""",вул. Дегтярна,24-34
391,"Гімназія №19 ""Межигірська""",вул. Електриків,33
392,"Гімназія №19 ""Межигірська""",вул. Кожумяцька,14
393,"Гімназія №19 ""Межигірська""",вул. Кожумяцька,24-34
394,"Гімназія №19 ""Межигірська""",вул. Костянтинівська,5
395,"Гімназія №19 ""Межигірська""",вул. Костянтинівська,10а
396,"Гімназія №19 ""Межигірська""",вул. Межигірська,13/34а
397,"Гімназія №19 ""Межигірська""",вул. Межигірська,13б
398,"Гімназія №19 ""Межигірська""",вул. Межигірська,17
399,"Гімназія №19 ""Межигірська""",вул. Межигірська,19а
400,"Гімназія №19 ""Межигірська""",вул. Межигірська,19а
401,"Гімназія №19 ""Межигірська""",вул. Межигірська,20
402,"Гімназія №19 ""Межигірська""",вул. Межигірська,22
403,"Гімназія №19 ""Межигірська""",вул. Нижній Вал,33а
404,"Гімназія №19 ""Межигірська""",вул. Нижній Вал,33б
405,"Гімназія №19 ""Межигірська""",вул. Нижній Вал,33в
406,"Гімназія №19 ""Межигірська""",вул. Нижній Вал,33г
407,"Гімназія №19 ""Межигірська""",вул. Нижній Вал,35
408,"Гімназія №19 ""Межигірська""",вул. Нижній Вал,37/20а
409,"Гімназія №19 ""Межигірська""",вул. Нижній Вал,41
410,"Гімназія №19 ""Межигірська""",вул. Нижній Вал,49
411,"Гімназія №19 ""Межигірська""",вул. Почайнінська,35
412,"Гімназія №19 ""Межигірська""",вул. Почайнінська,44
413,"Гімназія №19 ""Межигірська""",вул. Спаська,5
414,"Гімназія №19 ""Межигірська""",вул. Спаська,6а
415,"Гімназія №19 ""Межигірська""",вул. Спаська,8а
416,"Гімназія №19 ""Межигірська""",вул. Спаська,8б
417,"Гімназія №19 ""Межигірська""",вул. Хорива,9а
418,"Гімназія №19 ""Межигірська""",вул. Хорива,15/8
419,"Гімназія №19 ""Межигірська""",вул. Хорива,16
420,"Гімназія №19 ""Межигірська""",вул. Хорива,16в
421,"Гімназія №19 ""Межигірська""",вул. Хорива,16/г
422,"Гімназія №19 ""Межигірська""",вул. Хорива,18а
423,"Гімназія №19 ""Межигірська""",вул. Хорива,18/10а
424,"Гімназія №19 ""Межигірська""",вул. Хорива,18/10а
425,"Гімназія №19 ""Межигірська""",вул. Хорива,18/10б
426,"Гімназія №19 ""Межигірська""",вул. Хорива,23/9а
427,"Гімназія №19 ""Межигірська""",вул. Хорива,22/28
428,"Гімназія №19 ""Межигірська""",вул. Хорива,31а
429,"Гімназія №19 ""Межигірська""",вул. Хорива,31б
430,"Гімназія №19 ""Межигірська""",вул. Ярославська,47/29а
431,"Гімназія №19 ""Межигірська""",провулок Хоривий,4
432,"Гімназія ""Либідь"" №34",вул. Їжакевича,5/9
433,"Гімназія ""Либідь"" №34",вул. Їжакевича,7/10
434,"Гімназія ""Либідь"" №34",вул. Їжакевича,8/7
435,"Гімназія ""Либідь"" №34",вул. Їжакевича,9
436,"Гімназія ""Либідь"" №34",провулок Бестужева,20
437,"Гімназія ""Либідь"" №34",вул. Межова,3
438,"Гімназія ""Либідь"" №34",вул. Межова,3а
439,"Гімназія ""Либідь"" №34",вул. Межова,Зб
440,"Гімназія ""Либідь"" №34",вул. Межова,Зв
441,"Гімназія ""Либідь"" №34",вул. Межова,4
442,"Гімназія ""Либідь"" №34",вул. Межова,5
443,"Гімназія ""Либідь"" №34",вул. Межова,6
444,"Гімназія ""Либідь"" №34",вул. Межова,8
445,"Гімназія ""Либідь"" №34",вул. Межова,10
446,"Гімназія ""Либідь"" №34",вул. Межова,11/12
447,"Гімназія ""Либідь"" №34",вул. Межова,15
448,"Гімназія ""Либідь"" №34",вул. Межова,18
449,"Гімназія ""Либідь"" №34",вул. Межова,19
450,"Гімназія ""Либідь"" №34",вул. Межова,19а
451,"Гімназія ""Либідь"" №34",вул. Межова,19б
452,"Гімназія ""Либідь"" №34",вул. Межова,20
453,"Гімназія ""Либідь"" №34",вул. Межова,21
454,"Гімназія ""Либідь"" №34",вул. Межова,21а
455,"Гімназія ""Либідь"" №34",вул. Межова,23
456,"Гімназія ""Либідь"" №34",вул. Межова,23б
457,"Гімназія ""Либідь"" №34",вул. Межова,24
458,"Гімназія ""Либідь"" №34",вул. Межова,26
459,"Гімназія ""Либідь"" №34",вул. Межова,12
460,"Гімназія ""Либідь"" №34",вул. Світлицького,13
461,"Гімназія ""Либідь"" №34",вул. Світлицького,19
462,"Гімназія ""Либідь"" №34",вул. Світлицького,21
463,"Гімназія ""Либідь"" №34",вул. Світлицького,23
464,"Гімназія ""Либідь"" №34",вул. Світлицького,23а
465,"Гімназія ""Либідь"" №34",вул. Світлицького,25
466,"Гімназія ""Либідь"" №34",вул. Світлицького,27
467,"Гімназія ""Либідь"" №34",вул. Світлицького,29/18
468,"Гімназія ""Либідь"" №34",проспект Свободи,8/28
469,"Гімназія ""Либідь"" №34",проспект Свободи,10
470,"Гімназія ""Либідь"" №34",проспект Свободи,14
471,"Гімназія ""Либідь"" №34",проспект Свободи,16
472,"Гімназія ""Либідь"" №34",вул. Червонопільска,5
473,"Гімназія ""Либідь"" №34",вул. Червонопільска,6/26
474,"Гімназія ""Либідь"" №34",вул. Червонопільска,7
475,"Гімназія ""Либідь"" №34",вул. Червонопільска,8
476,"Гімназія ""Либідь"" №34",вул. Червонопільска,9
477,"Гімназія ""Либідь"" №34",вул. Червонопільска,10
478,"Гімназія ""Либідь"" №34",вул. Червонопільска,11/13
479,"Гімназія ""Либідь"" №34",вул. Червонопільска,12а
480,"Гімназія ""Либідь"" №34",вул. Червонопільска,13/16
481,"Гімназія ""Либідь"" №34",вул. Червонопільска,14/14
483,ЗЗСО №45,вул. Полкова,55
484,ЗЗСО №45,вул. Полкова,57а
485,ЗЗСО №45,вул. Полкова,57б
486,ЗЗСО №45,вул. Полкова,57в
487,ЗЗСО №45,вул. Полкова,59
488,ЗЗСО №45,вул. Полкова,59а
489,ЗЗСО №45,вул. Полкова,61
490,ЗЗСО №45,вул. Полкова,61а
491,ЗЗСО №45,вул. Полкова,72
492,ЗЗСО №45,вул. Полкова,74
493,ЗЗСО №45,вул. Полкова,74/76а
494,ЗЗСО №45,вул. Полкова,78
495,ЗЗСО №45,провулок Полковий,1
496,ЗЗСО №45,провулок Полковий,8
497,ЗЗСО №45,провулок Полковий,10
498,ЗЗСО №45,вул. Маршала Гречка,9
499,ЗЗСО №45,вул. Маршала Гречка,11
500,ЗЗСО №45,вул. Маршала Гречка,11а
501,ЗЗСО №45,вул. Маршала Гречка,16
502,ЗЗСО №45,вул. Маршала Гречка,18
503,ЗЗСО №45,вул. Маршала Гречка,18а
504,ЗЗСО №45,вул. Маршала Гречка,18б
505,ЗЗСО №45,вул. Маршала Гречка,18в
506,ЗЗСО №45,вул. Маршала Гречка,18д
507,ЗЗСО №45,вул. Маршала Гречка,20
508,ЗЗСО №45,вул. Маршала Гречка,20а
509,ЗЗСО №45,вул. Маршала Гречка,20б
510,ЗЗСО №45,вул. Маршала Гречка,20в
511,ЗЗСО №45,вул. Маршала Гречка,20г
512,ЗЗСО №45,вул. Маршала Гречка,22
513,ЗЗСО №45,вул. Маршала Гречка,24
514,ЗЗСО №45,вул. Маршала Гречка,24а
515,ЗЗСО №45,вул. Маршала Гречка,24б
516,ЗЗСО №45,вул. Маршала Гречка,24в
517,ЗЗСО №45,вул. Маршала Гречка,26
518,ЗЗСО №45,вул. Маршала Гречка,18г
519,ЗЗСО №45,вул. Межова,119
521,ЗЗСО №63,вул. Маршала Гречка,2
522,ЗЗСО №63,вул. Маршала Гречка,4
523,ЗЗСО №63,вул. Маршала Гречка,6
524,ЗЗСО №63,вул. Маршала Гречка,8
525,ЗЗСО №63,вул. Маршала Гречка,8а
526,ЗЗСО №63,вул. Маршала Гречка,8б
527,ЗЗСО №63,вул. Маршала Гречка,8в
528,ЗЗСО №63,вул. Маршала Гречка,8г
529,ЗЗСО №63,вул. Маршала Гречка,8д
530,ЗЗСО №63,вул. Маршала Гречка,10
531,ЗЗСО №63,вул. Маршала Гречка,12
532,ЗЗСО №63,вул. Маршала Гречка,12а
533,ЗЗСО №63,вул. Маршала Гречка,12б
534,ЗЗСО №63,вул. Маршала Гречка,12в
535,ЗЗСО №63,вул. Маршала Гречка,12г
536,ЗЗСО №63,вул. Маршала Гречка,12д
537,ЗЗСО №63,вул. В. Сальського,43
538,ЗЗСО №63,вул. В. Сальського,47
539,ЗЗСО №63,вул. Стеценка,2
540,ЗЗСО №63,вул. Стеценка,2а
541,ЗЗСО №63,вул. Стеценка,4
542,ЗЗСО №63,вул. Стеценка,4а
543,ЗЗСО №63,вул. Стеценка,8
544,ЗЗСО №63,вул. Стеценка,10
546,ЗЗСО №68,Вул. Полкова,3
548,ЗЗСО №68,Вул. Полкова,58
549,ЗЗСО №68,Вул. Полкова,62
550,ЗЗСО №68,вул. Білицька,16
551,ЗЗСО №68,вул. Білицька,18
552,ЗЗСО №68,вул. Білицька,14
555,ЗЗСО №68,вул. С. Данченка,2
556,ЗЗСО №68,вул. С. Данченка,4
557,ЗЗСО №68,вул. С. Данченка,6
558,ЗЗСО №68,вул. С. Данченка,8
559,ЗЗСО №68,вул. С. Данченка,10
560,ЗЗСО №68,вул. С. Данченка,12
561,ЗЗСО №68,вул. С. Данченка,14
562,ЗЗСО №68,вул. С. Данченка,16
564,ЗЗСО №93,проспект Свободи,24
565,ЗЗСО №93,проспект Свободи,24а
566,ЗЗСО №93,проспект Свободи,24б
567,ЗЗСО №93,проспект Свободи,26а
568,ЗЗСО №93,проспект Свободи,28
569,ЗЗСО №93,проспект Свободи,28а
570,ЗЗСО №93,проспект Свободи,28б
571,ЗЗСО №93,проспект Свободи,30
572,ЗЗСО №93,проспект Свободи,30а
573,ЗЗСО №93,проспект Свободи,З0б
574,ЗЗСО №93,проспект Свободи,32
575,ЗЗСО №93,проспект Свободи,34
576,ЗЗСО №93,проспект Свободи,38
577,ЗЗСО №93,проспект Свободи,42
578,ЗЗСО №93,проспект Свободи,44
579,ЗЗСО №93,проспект Свободи,46
581,ЗЗСО №93,вул. Світлицького,26а
582,ЗЗСО №93,вул. Світлицького,2б
583,ЗЗСО №93,вул. Світлицького,30/20
584,ЗЗСО №93,вул. Світлицького,30/20а
585,ЗЗСО №93,вул. Світлицького,30/20б
587,"Ліцей №100 ""Поділ""",Андріївський узвіз,1а
588,"Ліцей №100 ""Поділ""",Андріївський узвіз,2б
589,"Ліцей №100 ""Поділ""",Андріївський узвіз,2в
590,"Ліцей №100 ""Поділ""",Андріївський узвіз,2г
591,"Ліцей №100 ""Поділ""",Андріївський узвіз,2д
592,"Ліцей №100 ""Поділ""",Андріївський узвіз,За
593,"Ліцей №100 ""Поділ""",Андріївський узвіз,11а
595,"Ліцей №100 ""Поділ""",Андріївський узвіз,16в
596,"Ліцей №100 ""Поділ""",вул. Борисоглібська,За
597,"Ліцей №100 ""Поділ""",вул. Борисоглібська,4а
598,"Ліцей №100 ""Поділ""",вул. Борисоглібська,8/13а
599,"Ліцей №100 ""Поділ""",вул. Борисоглібська,9/15а
600,"Ліцей №100 ""Поділ""",Вул. Братська,3а
601,"Ліцей №100 ""Поділ""",Вул. Братська,4
602,"Ліцей №100 ""Поділ""",Вул. Братська,5а
603,"Ліцей №100 ""Поділ""",Вул. Братська,10
604,"Ліцей №100 ""Поділ""",вул. Костянтинівська,1а
605,"Ліцей №100 ""Поділ""",вул. Костянтинівська,1б
606,"Гімназія №107 ""Введенська""",Вул. Межигірська,43
607,"Гімназія №107 ""Введенська""",Вул. Межигірська,50
608,"Гімназія №107 ""Введенська""",Вул. Межигірська,54
609,"Гімназія №107 ""Введенська""",Вул. Межигірська,56
610,"Гімназія №107 ""Введенська""",Вул. Межигірська,57/17
611,"Гімназія №107 ""Введенська""",Вул. Межигірська,59
612,"Гімназія №107 ""Введенська""",Вул. Межигірська,61
613,"Гімназія №107 ""Введенська""",Вул. Межигірська,63
614,"Гімназія №107 ""Введенська""",вул. Волоська,50/38
615,"Гімназія №107 ""Введенська""",вул. Волоська,51/27
616,"Гімназія №107 ""Введенська""",вул. Волоська,55/57
617,"Гімназія №107 ""Введенська""",вул. Оленівська,34
618,"Гімназія №107 ""Введенська""",вул. Оленівська,34а
619,"Гімназія №107 ""Введенська""",вул. Кирилівська,34-38а
620,"Гімназія №107 ""Введенська""",вул. Введенська,25
621,"Гімназія №107 ""Введенська""",вул. Введенська,26
622,"Гімназія №107 ""Введенська""",вул. Введенська,29/58
623,"Гімназія №107 ""Введенська""",вул. Введенська,32
624,"Гімназія №107 ""Введенська""",вул. Введенська,42
625,"Гімназія №107 ""Введенська""",вул. Набережно-Лугова,1
626,"Гімназія №107 ""Введенська""",вул. Набережно-Лугова,З
627,"Гімназія №107 ""Введенська""",вул. Набережно-Лугова,За
628,"Гімназія №107 ""Введенська""",вул. Набережно-Лугова,5
629,"Гімназія №107 ""Введенська""",вул. Набережно-Лугова,7б
630,"Гімназія №107 ""Введенська""",вул. Оболонська,23/48
631,"Гімназія №107 ""Введенська""",вул. Оболонська,2527
632,"Гімназія №107 ""Введенська""",вул. Оболонська,31
633,"Гімназія №107 ""Введенська""",вул. Оболонська,34
634,"Гімназія №107 ""Введенська""",вул. Оболонська,35а
635,"Гімназія №107 ""Введенська""",вул. Оболонська,37
636,"Гімназія №107 ""Введенська""",вул. Оболонська,37а
637,"Гімназія №107 ""Введенська""",вул. Оболонська,37б
638,"Гімназія №107 ""Введенська""",вул. Оболонська,38
639,"Гімназія №107 ""Введенська""",вул. Оболонська,39
640,"Гімназія №107 ""Введенська""",вул. Оболонська,41
641,"Гімназія №107 ""Введенська""",вул. Оболонська,47
642,"Гімназія №107 ""Введенська""",вул. Почайнінська,45
643,"Гімназія №107 ""Введенська""",вул. Почайнінська,50/49
644,"Гімназія №107 ""Введенська""",вул. Почайнінська,52
645,"Гімназія №107 ""Введенська""",вул. Почайнінська,53/55
646,"Гімназія №107 ""Введенська""",вул. Почайнінська,57/59
647,"Гімназія №107 ""Введенська""",вул. Почайнінська,62
648,"Гімназія №107 ""Введенська""",вул. Почайнінська,64
649,"Гімназія №107 ""Введенська""",вул. Почайнінська,70
650,"Гімназія №107 ""Введенська""",вул. Почайнінська,66
651,"Гімназія №107 ""Введенська""",вул. Почайнінська,68
652,"Гімназія №107 ""Введенська""",вул. Почайнінська,70
653,"Гімназія №107 ""Введенська""",вул. Турівська,4
654,"Гімназія №107 ""Введенська""",вул. Турівська,9
655,"Гімназія №107 ""Введенська""",вул. Турівська,12
656,"Гімназія №107 ""Введенська""",вул. Турівська,18/20
657,"Гімназія №107 ""Введенська""",вул. Турівська,19
658,"Гімназія №107 ""Введенська""",вул. Турівська,24
659,"Гімназія №107 ""Введенська""",вул. Турівська,29
660,"Гімназія №107 ""Введенська""",вул. Турівська,31
661,"Гімназія №107 ""Введенська""",вул. Турівська,32
662,"Гімназія №107 ""Введенська""",вул. Щекавицька,30/39
663,"Гімназія №107 ""Введенська""",вул. Щекавицька,40/37
664,"Гімназія №107 ""Введенська""",вул. Щекавицька,41
665,"Гімназія №107 ""Введенська""",вул. Щекавицька,42/48
666,"Гімназія №107 ""Введенська""",вул. Щекавицька,44
667,"Гімназія №107 ""Введенська""",вул. Щекавицька,51
668,"Гімназія №107 ""Введенська""",вул. Щекавицька,53
669,"Гімназія №107 ""Введенська""",вул. Юрківська,34а
670,"Гімназія №107 ""Введенська""",вул. Юрківська,34б
671,"Гімназія №107 ""Введенська""",вул. Юрківська,34б
672,"Гімназія №107 ""Введенська""",вул. Юрківська,36/10
673,"Гімназія №107 ""Введенська""",вул. Юрківська,37/3а
674,"Гімназія №107 ""Введенська""",вул. Юрківська,40
675,"Гімназія №107 ""Введенська""",вул. Юрківська,42
676,"Гімназія №107 ""Введенська""",вул. Юрківська,42а.
677,ЗЗСО №114,вул. Копилівська,2
678,ЗЗСО №114,вул. Копилівська,2а
679,ЗЗСО №114,вул. Копилівська,2б
680,ЗЗСО №114,вул. Кирилівська,85/87
681,ЗЗСО №114,вул. Кирилівська,89
682,ЗЗСО №114,вул. Кирилівська,99
683,ЗЗСО №114,вул. Кирилівська,"99/1,к1"
684,ЗЗСО №114,вул. Кирилівська,"99/1,к2"
685,ЗЗСО №114,вул. Кирилівська,"99/1,к3"
686,ЗЗСО №114,вул. Кирилівська,110
687,ЗЗСО №114,вул. Кирилівська,111
688,ЗЗСО №114,вул. Кирилівська,115/1
689,ЗЗСО №114,вул. Кирилівська,115/2
690,ЗЗСО №114,вул. Кирилівська,115/3
691,ЗЗСО №114,вул. Кирилівська,116
692,ЗЗСО №114,вул. Кирилівська,116а
693,ЗЗСО №114,вул. Кирилівська,118
694,ЗЗСО №114,вул. Кирилівська,118/2
695,ЗЗСО №114,провулок Мильний,19
696,ЗЗСО №118,вул. Новокостянтинівська,7
697,ЗЗСО №118,вул. О. Терьохіна,4
698,ЗЗСО №118,вул. О. Терьохіна,5
699,ЗЗСО №118,вул. О. Терьохіна,6
700,ЗЗСО №118,вул. О. Терьохіна,14
701,ЗЗСО №118,вул. О. Терьохіна,14а
702,ЗЗСО №118,вул. О. Терьохіна,14б
703,ЗЗСО №118,вул. Тульчинська,3
704,ЗЗСО №118,вул. Тульчинська,7
705,ЗЗСО №118,вул. Тульчинська,9
706,ЗЗСО №118,вул. Тульчинська,9а
707,ЗЗСО №118,вул. Тульчинська,9б
708,ЗЗСО №118,вул. Кирилівська,122/1
709,ЗЗСО №118,вул. Кирилівська,124
710,ЗЗСО №118,вул. Кирилівська,126/2
711,Романо-германська гімназія №123,вул. Петропавлівська,6
712,Романо-германська гімназія №123,вул. Петропавлівська,11
713,Романо-германська гімназія №123,вул. Петропавлівська,12
714,Романо-германська гімназія №123,вул. Петропавлівська,13/8
715,Романо-германська гімназія №123,вул. Петропавлівська,14
716,Романо-германська гімназія №123,вул. Петропавлівська,15
717,Романо-германська гімназія №123,вул. Петропавлівська,17а
718,Романо-германська гімназія №123,вул. Петропавлівська,17б
719,Романо-германська гімназія №123,вул. Петропавлівська,19
720,Романо-германська гімназія №123,вул. Петропавлівська,21
721,Романо-германська гімназія №123,вул. Петропавлівська,22-24
722,Романо-германська гімназія №123,вул. Петропавлівська,23
723,Романо-германська гімназія №123,вул. Петропавлівська,24
724,Романо-германська гімназія №123,вул. Петропавлівська,25
725,Романо-германська гімназія №123,вул. Петропавлівська,26
726,Романо-германська гімназія №123,вул. Петропавлівська,27
727,Романо-германська гімназія №123,вул. Петропавлівська,29
728,Романо-германська гімназія №123,вул. Петропавлівська,31
729,Романо-германська гімназія №123,вул. Петропавлівська,31а
730,Романо-германська гімназія №123,вул. Петропавлівська,33
731,Романо-германська гімназія №123,вул. Петропавлівська,35
732,Романо-германська гімназія №123,вул. Петропавлівська,36
733,Романо-германська гімназія №123,вул. Петропавлівська,37
734,Романо-германська гімназія №123,вул. Петропавлівська,38
735,Романо-германська гімназія №123,вул. Петропавлівська,39
736,Романо-германська гімназія №123,вул. Петропавлівська,39а
737,Романо-германська гімназія №123,вул. Петропавлівська,40а
738,Романо-германська гімназія №123,вул. Петропавлівська,41а
739,Романо-германська гімназія №123,вул. Петропавлівська,42а/31
740,Романо-германська гімназія №123,вул. Петропавлівська,42/33
741,Романо-германська гімназія №123,вул. Петропавлівська,43
742,Романо-германська гімназія №123,вул. Петропавлівська,45
743,Романо-германська гімназія №123,вул. Петропавлівська,46/2
744,Романо-германська гімназія №123,вул. Петропавлівська,46а/2
745,Романо-германська гімназія №123,вул. Петропавлівська,46б/2
746,Романо-германська гімназія №123,вул. Петропавлівська,47
747,Романо-германська гімназія №123,вул. Петропавлівська,47а
748,Романо-германська гімназія №123,вул. Петропавлівська,48а
749,Романо-германська гімназія №123,вул. Петропавлівська,48/1а
750,Романо-германська гімназія №123,вул. Петропавлівська,50
751,Романо-германська гімназія №123,вул. Петропавлівська,50б
752,Романо-германська гімназія №123,вул. Петропавлівська,51
753,Романо-германська гімназія №123,вул. Петропавлівська,54
754,Романо-германська гімназія №123,вул. Петропавлівська,56
755,Романо-германська гімназія №123,вул. Петропавлівська,56а
756,Романо-германська гімназія №123,вул. Петропавлівська,58
757,Романо-германська гімназія №123,вул. Захарівська,1
758,Романо-германська гімназія №123,вул. Захарівська,2
759,Романо-германська гімназія №123,вул. Захарівська,3
760,Романо-германська гімназія №123,вул. Захарівська,3а
761,Романо-германська гімназія №123,вул. Захарівська,7
762,Романо-германська гімназія №123,вул. Захарівська,10
763,Романо-германська гімназія №123,вул. Захарівська,14
764,Романо-германська гімназія №123,вул. Захарівська,27
765,Романо-германська гімназія №123,вул. Захарівська,27а
766,Романо-германська гімназія №123,вул. Захарівська,33
767,Романо-германська гімназія №123,вул. Захарівська,35
768,Романо-германська гімназія №123,вул. Захарівська,37
769,Романо-германська гімназія №123,вул. Захарівська,38
770,Романо-германська гімназія №123,вул. Захарівська,39
771,Романо-германська гімназія №123,вул. Захарівська,42
772,Романо-германська гімназія №123,вул. Захарівська,44
773,Романо-германська гімназія №123,вул. Захарівська,46
774,Романо-германська гімназія №123,вул. Захарівська,48
775,Романо-германська гімназія №123,вул. Захарівська,48а
776,Романо-германська гімназія №123,вул. Захарівська,50
777,Романо-германська гімназія №123,вул. Захарівська,52
778,Романо-германська гімназія №123,вул. Захарівська,56
779,Романо-германська гімназія №123,вул. Копилівська,10а
780,Романо-германська гімназія №123,вул. Копилівська,10б
781,Романо-германська гімназія №123,вул. Копилівська,12а
782,Романо-германська гімназія №123,вул. Копилівська,12б
783,Романо-германська гімназія №123,вул. Копилівська,21
784,Романо-германська гімназія №123,вул. Копилівська,31
785,Романо-германська гімназія №123,вул. Копилівська,17/19
786,Романо-германська гімназія №123,вул. Олени Теліги,49
787,Романо-германська гімназія №123,вул. Олени Теліги,51
788,Романо-германська гімназія №123,вул. Олени Теліги,53
789,Романо-германська гімназія №123,вул. Олени Теліги,55
790,Романо-германська гімназія №123,вул. Олени Теліги,57
791,Романо-германська гімназія №123,вул. Кирилівська,109а
792,Романо-германська гімназія №123,вул. Кирилівська,109б
793,Романо-германська гімназія №123,вул. Кирилівська,109в/1
794,Романо-германська гімназія №123,вул. Кирилівська,109/2
795,ЗЗСО №124,Андріївський узвіз,22а
796,ЗЗСО №124,Андріївський узвіз,24а
797,ЗЗСО №124,Андріївський узвіз,30
798,ЗЗСО №124,Андріївський узвіз,34а
799,ЗЗСО №124,вул. Борисоглібська,16а
800,ЗЗСО №124,вул. Борисоглібська,16б
801,ЗЗСО №124,вул. Борисоглібська,16в
802,ЗЗСО №124,вул. Борисоглібська,17/1а
803,ЗЗСО №124,вул. Верхній Вал,62
804,ЗЗСО №124,вул. Воздвиженська,57
805,ЗЗСО №124,вул. Воздвиженська,14
806,ЗЗСО №124,вул. Воздвиженська,16
807,ЗЗСО №124,вул. Воздвиженська,16а
808,ЗЗСО №124,вул. Воздвиженська,18
809,ЗЗСО №124,вул. Воздвиженська,20
810,ЗЗСО №124,вул. Воздвиженська,20а
811,ЗЗСО №124,вул. Воздвиженська,21-23
812,ЗЗСО №124,вул. Воздвиженська,22
813,ЗЗСО №124,вул. Воздвиженська,28-30
814,ЗЗСО №124,вул. Воздвиженська,32
815,ЗЗСО №124,вул. Воздвиженська,30
816,ЗЗСО №124,вул. Воздвиженська,31
817,ЗЗСО №124,вул. Воздвиженська,34
818,ЗЗСО №124,вул. Воздвиженська,34а
819,ЗЗСО №124,вул. Воздвиженська,34б
820,ЗЗСО №124,вул. Воздвиженська,36
821,ЗЗСО №124,вул. Воздвиженська,38
822,ЗЗСО №124,вул. Воздвиженська,40
823,ЗЗСО №124,вул. Воздвиженська,42
824,ЗЗСО №124,вул. Воздвиженська,46
825,ЗЗСО №124,вул. Воздвиженська,50
826,ЗЗСО №124,вул. Воздвиженська,51а
827,ЗЗСО №124,вул. Волоська,18/17
828,ЗЗСО №124,вул. Волоська,20
829,ЗЗСО №124,вул. Волоська,21
830,ЗЗСО №124,вул. Волоська,23
831,ЗЗСО №124,вул. Волоська,24а
832,ЗЗСО №124,вул. Волоська,29а
833,ЗЗСО №124,вул. Волоська,32/34
834,ЗЗСО №124,вул. Г.Сковороди,3а
835,ЗЗСО №124,вул. Г.Сковороди,5б
836,ЗЗСО №124,вул. Г.Сковороди,6
837,ЗЗСО №124,вул. Г.Сковороди,7а
838,ЗЗСО №124,вул. Г.Сковороди,7б
839,ЗЗСО №124,вул. Г.Сковороди,11
840,ЗЗСО №124,вул. Дегтярна,6
841,ЗЗСО №124,вул. Дегтярна,7
842,ЗЗСО №124,вул. Дегтярна,8
843,ЗЗСО №124,вул. Дегтярна,9
844,ЗЗСО №124,вул. Дегтярна,10
845,ЗЗСО №124,вул. Дегтярна,11
846,ЗЗСО №124,вул. Дегтярна,19
847,ЗЗСО №124,вул. Електриків,21-23
848,ЗЗСО №124,вул. Електриків,23б
849,ЗЗСО №124,вул. Іллінська,10а
850,ЗЗСО №124,вул. Іллінська,18а
851,ЗЗСО №124,вул. Іллінська,20а
852,ЗЗСО №124,вул. Межигірська,3/7а
853,ЗЗСО №124,вул. Межигірська,3/7б
854,ЗЗСО №124,вул. Межигірська,5
855,ЗЗСО №124,вул. Межигірська,5в
857,ЗЗСО №124,вул. Набережно-Хрещатицька,1
858,ЗЗСО №124,вул. Набережно-Хрещатицька,3а
859,ЗЗСО №124,вул. Набережно-Хрещатицька,7б
860,ЗЗСО №124,вул. Набережно-Хрещатицька,7в
861,ЗЗСО №124,вул. Набережно-Хрещатицька,11
862,ЗЗСО №124,вул. Борисоглібська,17/18а
863,ЗЗСО №124,вул. Набережно-Хрещатицька,33
864,ЗЗСО №124,вул. Набережно-Хрещатицька,35
865,ЗЗСО №124,вул. Набережно-Хрещатицька,35а
866,ЗЗСО №124,вул. Почайнінська,13/9
867,ЗЗСО №124,вул. Почайнінська,16
868,ЗЗСО №124,вул. Почайнінська,18
869,ЗЗСО №124,вул. Почайнінська,19
870,ЗЗСО №124,вул. Почайнінська,23
871,ЗЗСО №124,вул. Почайнінська,25/49
872,ЗЗСО №124,вул. Почайнінська,40
873,ЗЗСО №124,вул. Спаська,9
874,ЗЗСО №124,вул. Спаська,10в
875,ЗЗСО №124,вул. Спаська,10г
876,ЗЗСО №124,вул. Спаська,11
877,ЗЗСО №124,вул. Спаська,25/17
878,ЗЗСО №124,вул. Спаська,18-20
879,ЗЗСО №124,вул. Спаська,25
880,ЗЗСО №124,вул. Спаська,21-23
881,ЗЗСО №124,вул. Спаська,22
882,ЗЗСО №124,вул. Спаська,27/16
883,ЗЗСО №124,вул. Хорива,32
884,ЗЗСО №124,вул. Хорива,33
885,ЗЗСО №124,вул. Хорива,34
886,ЗЗСО №124,вул. Хорива,39/41
887,ЗЗСО №124,вул. Хорива,40
888,ЗЗСО №124,вул. Хорива,43
889,ЗЗСО №124,вул. Хорива,45/24
890,ЗЗСО №124,вул. Хорива,49в
891,ЗЗСО №124,вул. Хорива,50
892,ЗЗСО №124,провулок Зелінського,7
893,ЗЗСО №124,провулок Зелінського,8а
894,ЗЗСО №124,провулок Зелінського,10
895,ЗЗСО №124,провулок Зелінського,12
896,ЗЗСО №156,вул. Червонопільська,1
897,ЗЗСО №156,вул. Червонопільська,1а
898,ЗЗСО №156,вул. Червонопільська,2
899,ЗЗСО №156,вул. Червонопільська,2а
900,ЗЗСО №156,вул. Червонопільська,2б
901,ЗЗСО №156,вул. Червонопільська,2в
902,ЗЗСО №156,вул. Червонопільська,2г
903,ЗЗСО №156,вул. Червонопільська,За
904,ЗЗСО №156,вул. Вітряні гори,1
905,ЗЗСО №156,вул. Вітряні гори,2
906,ЗЗСО №156,вул. Вітряні гори,2а
907,ЗЗСО №156,вул. Вітряні гори,3
908,ЗЗСО №156,вул. Вітряні гори,4
909,ЗЗСО №156,вул. Вітряні гори,4а
910,ЗЗСО №156,вул. Вітряні гори,6
911,ЗЗСО №156,вул. Вітряні гори,6а
912,ЗЗСО №156,вул. Вітряні гори,8
913,ЗЗСО №156,вул. Вітряні гори,10
914,ЗЗСО №156,вул. Вітряні гори,10д
915,ЗЗСО №156,вул. Вітряні гори,10г
916,ЗЗСО №156,вул. Вітряні гори,17
917,ЗЗСО №156,вул. Вітряні гори,27/5
918,ЗЗСО №156,вул. Осиповського,13
919,ЗЗСО №156,вул. Осиповського,2
920,ЗЗСО №156,вул. Осиповського,2а/1
921,ЗЗСО №156,вул. Осиповського,2а/2
922,ЗЗСО №156,вул. Осиповського,2а/3
923,ЗЗСО №156,вул. Осиповського,2а/4
924,ЗЗСО №156,вул. Осиповського,2а/8
925,ЗЗСО №156,вул. Осиповського,2а/9
927,ЗЗСО №156,вул. Вишгородська,45
928,ЗЗСО №156,вул. Вишгородська,45а
929,ЗЗСО №156,вул. Вишгородська,45/2
930,ЗЗСО №156,вул. Вишгородська,47а
931,ЗЗСО №156,вул. Вишгородська,47б/47в
932,ЗЗСО №156,вул. Вишгородська,48б
933,ЗЗСО №156,вул. Вишгородська,51/1
934,ЗЗСО №156,вул. Вишгородська,53/2
935,ЗЗСО №156,вул. Вишгородська,55
936,ЗЗСО №156,вул. Западинська,За
937,ЗЗСО №156,вул. Западинська,Зб
938,ЗЗСО №156,вул. Западинська,4
939,ЗЗСО №156,вул. Западинська,5а
940,ЗЗСО №156,вул. Западинська,6
941,ЗЗСО №156,вул. Западинська,7
942,ЗЗСО №193,провулок Биківський,7
943,ЗЗСО №193,провулок Биіквський,9а
944,ЗЗСО №193,вул. Осиповського,19а
945,ЗЗСО №193,вул. Осиповського,19б
946,ЗЗСО №193,вул. Осиповського,19в
947,ЗЗСО №193,вул. Осиповського,21
948,ЗЗСО №193,вул. Осиповського,23
949,ЗЗСО №193,вул. Осиповського,25
950,ЗЗСО №193,вул. Осиповського,27
951,ЗЗСО №193,вул. Осиповського,29а
952,ЗЗСО №193,вул. Осиповського,31
953,ЗЗСО №193,вул. Осиповського,33
955,ЗЗСО №193,вул. Світлицького,24
956,ЗЗСО №193,вул. Світлицького,24а
957,ЗЗСО №193,вул. Світлицького,26
958,ЗЗСО №193,вул. Світлицького,28
959,ЗЗСО №193,вул. Світлицького,28в
960,ЗЗСО №193,Вул. Їжакевича,10
961,ЗЗСО №193,Вул. Їжакевича,12
962,ЗЗСО №193,Вул. Їжакевича,14
963,ЗЗСО №193,Вул. Їжакевича,16
964,ЗЗСО №193,Вул. Їжакевича,18
965,ЗЗСО №193,Вул. Їжакевича,19
966,ЗЗСО №193,Вул. Їжакевича,24
968,ЗЗСО №193,вул. Червонопільська,15
969,ЗЗСО №193,вул. Червонопільська,16
970,ЗЗСО №193,вул. Червонопільська,20/15
971,ЗЗСО №193,вул. Червонопільська,21
972,ЗЗСО №193,вул. Червонопільська,23/17
973,ЗЗСО №193,проспект Свободи,15/1
974,ЗЗСО №193,проспект Свободи,17
975,ЗЗСО №193,проспект Свободи,17б
976,ЗЗСО №193,проспект В. Порика,17б
977,ЗЗСО №193,проспект В. Порика,17а
978,ЗЗСО №193,Вул. Бестужева,36
